Employee Code,Employee Name,Password
EMP0001,Arjun Sharma,EMP0001
EMP0002,Rahul Sharma,EMP0002
EMP0003,Amit Sharma,EMP0003
EMP0004,Priya Sharma,EMP0004
EMP0005,Sneha Sharma,EMP0005
EMP0006,Ananya Sharma,EMP0006
EMP0007,Riya Sharma,EMP0007
EMP0008,Vikram Sharma,EMP0008
EMP0009,Rohan Sharma,EMP0009
EMP0010,Neha Sharma,EMP0010
EMP0011,Karan Sharma,EMP0011
EMP0012,Pooja Sharma,EMP0012
EMP0013,Ayesha Sharma,EMP0013
EMP0014,Sourav Sharma,EMP0014
EMP0015,Arijit Sharma,EMP0015
EMP0016,Abhishek Sharma,EMP0016
EMP0017,Sanjay Sharma,EMP0017
EMP0018,Deepak Sharma,EMP0018
EMP0019,Ankit Sharma,EMP0019
EMP0020,Nisha Sharma,EMP0020
EMP0021,Rakesh Sharma,EMP0021
EMP0022,Suman Sharma,EMP0022
EMP0023,Tanmay Sharma,EMP0023
EMP0024,Ankita Sharma,EMP0024
EMP0025,Sweta Sharma,EMP0025
EMP0026,Arjun Das,EMP0026
EMP0027,Rahul Das,EMP0027
EMP0028,Amit Das,EMP0028
EMP0029,Priya Das,EMP0029
EMP0030,Sneha Das,EMP0030
EMP0031,Ananya Das,EMP0031
EMP0032,Riya Das,EMP0032
EMP0033,Vikram Das,EMP0033
EMP0034,Rohan Das,EMP0034
EMP0035,Neha Das,EMP0035
EMP0036,Karan Das,EMP0036
EMP0037,Pooja Das,EMP0037
EMP0038,Ayesha Das,EMP0038
EMP0039,Sourav Das,EMP0039
EMP0040,Arijit Das,EMP0040
EMP0041,Abhishek Das,EMP0041
EMP0042,Sanjay Das,EMP0042
EMP0043,Deepak Das,EMP0043
EMP0044,Ankit Das,EMP0044
EMP0045,Nisha Das,EMP0045
EMP0046,Rakesh Das,EMP0046
EMP0047,Suman Das,EMP0047
EMP0048,Tanmay Das,EMP0048
EMP0049,Ankita Das,EMP0049
EMP0050,Sweta Das,EMP0050
EMP0051,Arjun Roy,EMP0051
EMP0052,Rahul Roy,EMP0052
EMP0053,Amit Roy,EMP0053
EMP0054,Priya Roy,EMP0054
EMP0055,Sneha Roy,EMP0055
EMP0056,Ananya Roy,EMP0056
EMP0057,Riya Roy,EMP0057
EMP0058,Vikram Roy,EMP0058
EMP0059,Rohan Roy,EMP0059
EMP0060,Neha Roy,EMP0060
EMP0061,Karan Roy,EMP0061
EMP0062,Pooja Roy,EMP0062
EMP0063,Ayesha Roy,EMP0063
EMP0064,Sourav Roy,EMP0064
EMP0065,Arijit Roy,EMP0065
EMP0066,Abhishek Roy,EMP0066
EMP0067,Sanjay Roy,EMP0067
EMP0068,Deepak Roy,EMP0068
EMP0069,Ankit Roy,EMP0069
EMP0070,Nisha Roy,EMP0070
EMP0071,Rakesh Roy,EMP0071
EMP0072,Suman Roy,EMP0072
EMP0073,Tanmay Roy,EMP0073
EMP0074,Ankita Roy,EMP0074
EMP0075,Sweta Roy,EMP0075
EMP0076,Arjun Gupta,EMP0076
EMP0077,Rahul Gupta,EMP0077
EMP0078,Amit Gupta,EMP0078
EMP0079,Priya Gupta,EMP0079
EMP0080,Sneha Gupta,EMP0080
EMP0081,Ananya Gupta,EMP0081
EMP0082,Riya Gupta,EMP0082
EMP0083,Vikram Gupta,EMP0083
EMP0084,Rohan Gupta,EMP0084
EMP0085,Neha Gupta,EMP0085
EMP0086,Karan Gupta,EMP0086
EMP0087,Pooja Gupta,EMP0087
EMP0088,Ayesha Gupta,EMP0088
EMP0089,Sourav Gupta,EMP0089
EMP0090,Arijit Gupta,EMP0090
EMP0091,Abhishek Gupta,EMP0091
EMP0092,Sanjay Gupta,EMP0092
EMP0093,Deepak Gupta,EMP0093
EMP0094,Ankit Gupta,EMP0094
EMP0095,Nisha Gupta,EMP0095
EMP0096,Rakesh Gupta,EMP0096
EMP0097,Suman Gupta,EMP0097
EMP0098,Tanmay Gupta,EMP0098
EMP0099,Ankita Gupta,EMP0099
EMP0100,Sweta Gupta,EMP0100
EMP0101,Arjun Singh,EMP0101
EMP0102,Rahul Singh,EMP0102
EMP0103,Amit Singh,EMP0103
EMP0104,Priya Singh,EMP0104
EMP0105,Sneha Singh,EMP0105
EMP0106,Ananya Singh,EMP0106
EMP0107,Riya Singh,EMP0107
EMP0108,Vikram Singh,EMP0108
EMP0109,Rohan Singh,EMP0109
EMP0110,Neha Singh,EMP0110
EMP0111,Karan Singh,EMP0111
EMP0112,Pooja Singh,EMP0112
EMP0113,Ayesha Singh,EMP0113
EMP0114,Sourav Singh,EMP0114
EMP0115,Arijit Singh,EMP0115
EMP0116,Abhishek Singh,EMP0116
EMP0117,Sanjay Singh,EMP0117
EMP0118,Deepak Singh,EMP0118
EMP0119,Ankit Singh,EMP0119
EMP0120,Nisha Singh,EMP0120
EMP0121,Rakesh Singh,EMP0121
EMP0122,Suman Singh,EMP0122
EMP0123,Tanmay Singh,EMP0123
EMP0124,Ankita Singh,EMP0124
EMP0125,Sweta Singh,EMP0125
EMP0126,Arjun Kumar,EMP0126
EMP0127,Rahul Kumar,EMP0127
EMP0128,Amit Kumar,EMP0128
EMP0129,Priya Kumar,EMP0129
EMP0130,Sneha Kumar,EMP0130
EMP0131,Ananya Kumar,EMP0131
EMP0132,Riya Kumar,EMP0132
EMP0133,Vikram Kumar,EMP0133
EMP0134,Rohan Kumar,EMP0134
EMP0135,Neha Kumar,EMP0135
EMP0136,Karan Kumar,EMP0136
EMP0137,Pooja Kumar,EMP0137
EMP0138,Ayesha Kumar,EMP0138
EMP0139,Sourav Kumar,EMP0139
EMP0140,Arijit Kumar,EMP0140
EMP0141,Abhishek Kumar,EMP0141
EMP0142,Sanjay Kumar,EMP0142
EMP0143,Deepak Kumar,EMP0143
EMP0144,Ankit Kumar,EMP0144
EMP0145,Nisha Kumar,EMP0145
EMP0146,Rakesh Kumar,EMP0146
EMP0147,Suman Kumar,EMP0147
EMP0148,Tanmay Kumar,EMP0148
EMP0149,Ankita Kumar,EMP0149
EMP0150,Sweta Kumar,EMP0150
EMP0151,Arjun Mukherjee,EMP0151
EMP0152,Rahul Mukherjee,EMP0152
EMP0153,Amit Mukherjee,EMP0153
EMP0154,Priya Mukherjee,EMP0154
EMP0155,Sneha Mukherjee,EMP0155
EMP0156,Ananya Mukherjee,EMP0156
EMP0157,Riya Mukherjee,EMP0157
EMP0158,Vikram Mukherjee,EMP0158
EMP0159,Rohan Mukherjee,EMP0159
EMP0160,Neha Mukherjee,EMP0160
EMP0161,Karan Mukherjee,EMP0161
EMP0162,Pooja Mukherjee,EMP0162
EMP0163,Ayesha Mukherjee,EMP0163
EMP0164,Sourav Mukherjee,EMP0164
EMP0165,Arijit Mukherjee,EMP0165
EMP0166,Abhishek Mukherjee,EMP0166
EMP0167,Sanjay Mukherjee,EMP0167
EMP0168,Deepak Mukherjee,EMP0168
EMP0169,Ankit Mukherjee,EMP0169
EMP0170,Nisha Mukherjee,EMP0170
EMP0171,Rakesh Mukherjee,EMP0171
EMP0172,Suman Mukherjee,EMP0172
EMP0173,Tanmay Mukherjee,EMP0173
EMP0174,Ankita Mukherjee,EMP0174
EMP0175,Sweta Mukherjee,EMP0175
EMP0176,Arjun Banerjee,EMP0176
EMP0177,Rahul Banerjee,EMP0177
EMP0178,Amit Banerjee,EMP0178
EMP0179,Priya Banerjee,EMP0179
EMP0180,Sneha Banerjee,EMP0180
EMP0181,Ananya Banerjee,EMP0181
EMP0182,Riya Banerjee,EMP0182
EMP0183,Vikram Banerjee,EMP0183
EMP0184,Rohan Banerjee,EMP0184
EMP0185,Neha Banerjee,EMP0185
EMP0186,Karan Banerjee,EMP0186
EMP0187,Pooja Banerjee,EMP0187
EMP0188,Ayesha Banerjee,EMP0188
EMP0189,Sourav Banerjee,EMP0189
EMP0190,Arijit Banerjee,EMP0190
EMP0191,Abhishek Banerjee,EMP0191
EMP0192,Sanjay Banerjee,EMP0192
EMP0193,Deepak Banerjee,EMP0193
EMP0194,Ankit Banerjee,EMP0194
EMP0195,Nisha Banerjee,EMP0195
EMP0196,Rakesh Banerjee,EMP0196
EMP0197,Suman Banerjee,EMP0197
EMP0198,Tanmay Banerjee,EMP0198
EMP0199,Ankita Banerjee,EMP0199
EMP0200,Sweta Banerjee,EMP0200
EMP0201,Arjun Chatterjee,EMP0201
EMP0202,Rahul Chatterjee,EMP0202
EMP0203,Amit Chatterjee,EMP0203
EMP0204,Priya Chatterjee,EMP0204
EMP0205,Sneha Chatterjee,EMP0205
EMP0206,Ananya Chatterjee,EMP0206
EMP0207,Riya Chatterjee,EMP0207
EMP0208,Vikram Chatterjee,EMP0208
EMP0209,Rohan Chatterjee,EMP0209
EMP0210,Neha Chatterjee,EMP0210
EMP0211,Karan Chatterjee,EMP0211
EMP0212,Pooja Chatterjee,EMP0212
EMP0213,Ayesha Chatterjee,EMP0213
EMP0214,Sourav Chatterjee,EMP0214
EMP0215,Arijit Chatterjee,EMP0215
EMP0216,Abhishek Chatterjee,EMP0216
EMP0217,Sanjay Chatterjee,EMP0217
EMP0218,Deepak Chatterjee,EMP0218
EMP0219,Ankit Chatterjee,EMP0219
EMP0220,Nisha Chatterjee,EMP0220
EMP0221,Rakesh Chatterjee,EMP0221
EMP0222,Suman Chatterjee,EMP0222
EMP0223,Tanmay Chatterjee,EMP0223
EMP0224,Ankita Chatterjee,EMP0224
EMP0225,Sweta Chatterjee,EMP0225
EMP0226,Arjun Patel,EMP0226
EMP0227,Rahul Patel,EMP0227
EMP0228,Amit Patel,EMP0228
EMP0229,Priya Patel,EMP0229
EMP0230,Sneha Patel,EMP0230
EMP0231,Ananya Patel,EMP0231
EMP0232,Riya Patel,EMP0232
EMP0233,Vikram Patel,EMP0233
EMP0234,Rohan Patel,EMP0234
EMP0235,Neha Patel,EMP0235
EMP0236,Karan Patel,EMP0236
EMP0237,Pooja Patel,EMP0237
EMP0238,Ayesha Patel,EMP0238
EMP0239,Sourav Patel,EMP0239
EMP0240,Arijit Patel,EMP0240
EMP0241,Abhishek Patel,EMP0241
EMP0242,Sanjay Patel,EMP0242
EMP0243,Deepak Patel,EMP0243
EMP0244,Ankit Patel,EMP0244
EMP0245,Nisha Patel,EMP0245
EMP0246,Rakesh Patel,EMP0246
EMP0247,Suman Patel,EMP0247
EMP0248,Tanmay Patel,EMP0248
EMP0249,Ankita Patel,EMP0249
EMP0250,Sweta Patel,EMP0250
EMP0251,Arjun Verma,EMP0251
EMP0252,Rahul Verma,EMP0252
EMP0253,Amit Verma,EMP0253
EMP0254,Priya Verma,EMP0254
EMP0255,Sneha Verma,EMP0255
EMP0256,Ananya Verma,EMP0256
EMP0257,Riya Verma,EMP0257
EMP0258,Vikram Verma,EMP0258
EMP0259,Rohan Verma,EMP0259
EMP0260,Neha Verma,EMP0260
EMP0261,Karan Verma,EMP0261
EMP0262,Pooja Verma,EMP0262
EMP0263,Ayesha Verma,EMP0263
EMP0264,Sourav Verma,EMP0264
EMP0265,Arijit Verma,EMP0265
EMP0266,Abhishek Verma,EMP0266
EMP0267,Sanjay Verma,EMP0267
EMP0268,Deepak Verma,EMP0268
EMP0269,Ankit Verma,EMP0269
EMP0270,Nisha Verma,EMP0270
EMP0271,Rakesh Verma,EMP0271
EMP0272,Suman Verma,EMP0272
EMP0273,Tanmay Verma,EMP0273
EMP0274,Ankita Verma,EMP0274
EMP0275,Sweta Verma,EMP0275
EMP0276,Arjun Ghosh,EMP0276
EMP0277,Rahul Ghosh,EMP0277
EMP0278,Amit Ghosh,EMP0278
EMP0279,Priya Ghosh,EMP0279
EMP0280,Sneha Ghosh,EMP0280
EMP0281,Ananya Ghosh,EMP0281
EMP0282,Riya Ghosh,EMP0282
EMP0283,Vikram Ghosh,EMP0283
EMP0284,Rohan Ghosh,EMP0284
EMP0285,Neha Ghosh,EMP0285
EMP0286,Karan Ghosh,EMP0286
EMP0287,Pooja Ghosh,EMP0287
EMP0288,Ayesha Ghosh,EMP0288
EMP0289,Sourav Ghosh,EMP0289
EMP0290,Arijit Ghosh,EMP0290
EMP0291,Abhishek Ghosh,EMP0291
EMP0292,Sanjay Ghosh,EMP0292
EMP0293,Deepak Ghosh,EMP0293
EMP0294,Ankit Ghosh,EMP0294
EMP0295,Nisha Ghosh,EMP0295
EMP0296,Rakesh Ghosh,EMP0296
EMP0297,Suman Ghosh,EMP0297
EMP0298,Tanmay Ghosh,EMP0298
EMP0299,Ankita Ghosh,EMP0299
EMP0300,Sweta Ghosh,EMP0300
EMP0301,Arjun Saha,EMP0301
EMP0302,Rahul Saha,EMP0302
EMP0303,Amit Saha,EMP0303
EMP0304,Priya Saha,EMP0304
EMP0305,Sneha Saha,EMP0305
EMP0306,Ananya Saha,EMP0306
EMP0307,Riya Saha,EMP0307
EMP0308,Vikram Saha,EMP0308
EMP0309,Rohan Saha,EMP0309
EMP0310,Neha Saha,EMP0310
EMP0311,Karan Saha,EMP0311
EMP0312,Pooja Saha,EMP0312
EMP0313,Ayesha Saha,EMP0313
EMP0314,Sourav Saha,EMP0314
EMP0315,Arijit Saha,EMP0315
EMP0316,Abhishek Saha,EMP0316
EMP0317,Sanjay Saha,EMP0317
EMP0318,Deepak Saha,EMP0318
EMP0319,Ankit Saha,EMP0319
EMP0320,Nisha Saha,EMP0320
EMP0321,Rakesh Saha,EMP0321
EMP0322,Suman Saha,EMP0322
EMP0323,Tanmay Saha,EMP0323
EMP0324,Ankita Saha,EMP0324
EMP0325,Sweta Saha,EMP0325
EMP0326,Arjun Paul,EMP0326
EMP0327,Rahul Paul,EMP0327
EMP0328,Amit Paul,EMP0328
EMP0329,Priya Paul,EMP0329
EMP0330,Sneha Paul,EMP0330
EMP0331,Ananya Paul,EMP0331
EMP0332,Riya Paul,EMP0332
EMP0333,Vikram Paul,EMP0333
EMP0334,Rohan Paul,EMP0334
EMP0335,Neha Paul,EMP0335
EMP0336,Karan Paul,EMP0336
EMP0337,Pooja Paul,EMP0337
EMP0338,Ayesha Paul,EMP0338
EMP0339,Sourav Paul,EMP0339
EMP0340,Arijit Paul,EMP0340
EMP0341,Abhishek Paul,EMP0341
EMP0342,Sanjay Paul,EMP0342
EMP0343,Deepak Paul,EMP0343
EMP0344,Ankit Paul,EMP0344
EMP0345,Nisha Paul,EMP0345
EMP0346,Rakesh Paul,EMP0346
EMP0347,Suman Paul,EMP0347
EMP0348,Tanmay Paul,EMP0348
EMP0349,Ankita Paul,EMP0349
EMP0350,Sweta Paul,EMP0350
EMP0351,Arjun Dutta,EMP0351
EMP0352,Rahul Dutta,EMP0352
EMP0353,Amit Dutta,EMP0353
EMP0354,Priya Dutta,EMP0354
EMP0355,Sneha Dutta,EMP0355
EMP0356,Ananya Dutta,EMP0356
EMP0357,Riya Dutta,EMP0357
EMP0358,Vikram Dutta,EMP0358
EMP0359,Rohan Dutta,EMP0359
EMP0360,Neha Dutta,EMP0360
EMP0361,Karan Dutta,EMP0361
EMP0362,Pooja Dutta,EMP0362
EMP0363,Ayesha Dutta,EMP0363
EMP0364,Sourav Dutta,EMP0364
EMP0365,Arijit Dutta,EMP0365
EMP0366,Abhishek Dutta,EMP0366
EMP0367,Sanjay Dutta,EMP0367
EMP0368,Deepak Dutta,EMP0368
EMP0369,Ankit Dutta,EMP0369
EMP0370,Nisha Dutta,EMP0370
EMP0371,Rakesh Dutta,EMP0371
EMP0372,Suman Dutta,EMP0372
EMP0373,Tanmay Dutta,EMP0373
EMP0374,Ankita Dutta,EMP0374
EMP0375,Sweta Dutta,EMP0375
EMP0376,Arjun Mishra,EMP0376
EMP0377,Rahul Mishra,EMP0377
EMP0378,Amit Mishra,EMP0378
EMP0379,Priya Mishra,EMP0379
EMP0380,Sneha Mishra,EMP0380
EMP0381,Ananya Mishra,EMP0381
EMP0382,Riya Mishra,EMP0382
EMP0383,Vikram Mishra,EMP0383
EMP0384,Rohan Mishra,EMP0384
EMP0385,Neha Mishra,EMP0385
EMP0386,Karan Mishra,EMP0386
EMP0387,Pooja Mishra,EMP0387
EMP0388,Ayesha Mishra,EMP0388
EMP0389,Sourav Mishra,EMP0389
EMP0390,Arijit Mishra,EMP0390
EMP0391,Abhishek Mishra,EMP0391
EMP0392,Sanjay Mishra,EMP0392
EMP0393,Deepak Mishra,EMP0393
EMP0394,Ankit Mishra,EMP0394
EMP0395,Nisha Mishra,EMP0395
EMP0396,Rakesh Mishra,EMP0396
EMP0397,Suman Mishra,EMP0397
EMP0398,Tanmay Mishra,EMP0398
EMP0399,Ankita Mishra,EMP0399
EMP0400,Sweta Mishra,EMP0400
EMP0401,Arjun Yadav,EMP0401
EMP0402,Rahul Yadav,EMP0402
EMP0403,Amit Yadav,EMP0403
EMP0404,Priya Yadav,EMP0404
EMP0405,Sneha Yadav,EMP0405
EMP0406,Ananya Yadav,EMP0406
EMP0407,Riya Yadav,EMP0407
EMP0408,Vikram Yadav,EMP0408
EMP0409,Rohan Yadav,EMP0409
EMP0410,Neha Yadav,EMP0410
EMP0411,Karan Yadav,EMP0411
EMP0412,Pooja Yadav,EMP0412
EMP0413,Ayesha Yadav,EMP0413
EMP0414,Sourav Yadav,EMP0414
EMP0415,Arijit Yadav,EMP0415
EMP0416,Abhishek Yadav,EMP0416
EMP0417,Sanjay Yadav,EMP0417
EMP0418,Deepak Yadav,EMP0418
EMP0419,Ankit Yadav,EMP0419
EMP0420,Nisha Yadav,EMP0420
EMP0421,Rakesh Yadav,EMP0421
EMP0422,Suman Yadav,EMP0422
EMP0423,Tanmay Yadav,EMP0423
EMP0424,Ankita Yadav,EMP0424
EMP0425,Sweta Yadav,EMP0425
EMP0426,Arjun Bose,EMP0426
EMP0427,Rahul Bose,EMP0427
EMP0428,Amit Bose,EMP0428
EMP0429,Priya Bose,EMP0429
EMP0430,Sneha Bose,EMP0430
EMP0431,Ananya Bose,EMP0431
EMP0432,Riya Bose,EMP0432
EMP0433,Vikram Bose,EMP0433
EMP0434,Rohan Bose,EMP0434
EMP0435,Neha Bose,EMP0435
EMP0436,Karan Bose,EMP0436
EMP0437,Pooja Bose,EMP0437
EMP0438,Ayesha Bose,EMP0438
EMP0439,Sourav Bose,EMP0439
EMP0440,Arijit Bose,EMP0440
EMP0441,Abhishek Bose,EMP0441
EMP0442,Sanjay Bose,EMP0442
EMP0443,Deepak Bose,EMP0443
EMP0444,Ankit Bose,EMP0444
EMP0445,Nisha Bose,EMP0445
EMP0446,Rakesh Bose,EMP0446
EMP0447,Suman Bose,EMP0447
EMP0448,Tanmay Bose,EMP0448
EMP0449,Ankita Bose,EMP0449
EMP0450,Sweta Bose,EMP0450
EMP0451,Arjun Sen,EMP0451
EMP0452,Rahul Sen,EMP0452
EMP0453,Amit Sen,EMP0453
EMP0454,Priya Sen,EMP0454
EMP0455,Sneha Sen,EMP0455
EMP0456,Ananya Sen,EMP0456
EMP0457,Riya Sen,EMP0457
EMP0458,Vikram Sen,EMP0458
EMP0459,Rohan Sen,EMP0459
EMP0460,Neha Sen,EMP0460
EMP0461,Karan Sen,EMP0461
EMP0462,Pooja Sen,EMP0462
EMP0463,Ayesha Sen,EMP0463
EMP0464,Sourav Sen,EMP0464
EMP0465,Arijit Sen,EMP0465
EMP0466,Abhishek Sen,EMP0466
EMP0467,Sanjay Sen,EMP0467
EMP0468,Deepak Sen,EMP0468
EMP0469,Ankit Sen,EMP0469
EMP0470,Nisha Sen,EMP0470
EMP0471,Rakesh Sen,EMP0471
EMP0472,Suman Sen,EMP0472
EMP0473,Tanmay Sen,EMP0473
EMP0474,Ankita Sen,EMP0474
EMP0475,Sweta Sen,EMP0475
EMP0476,Arjun Jain,EMP0476
EMP0477,Rahul Jain,EMP0477
EMP0478,Amit Jain,EMP0478
EMP0479,Priya Jain,EMP0479
EMP0480,Sneha Jain,EMP0480
EMP0481,Ananya Jain,EMP0481
EMP0482,Riya Jain,EMP0482
EMP0483,Vikram Jain,EMP0483
EMP0484,Rohan Jain,EMP0484
EMP0485,Neha Jain,EMP0485
EMP0486,Karan Jain,EMP0486
EMP0487,Pooja Jain,EMP0487
EMP0488,Ayesha Jain,EMP0488
EMP0489,Sourav Jain,EMP0489
EMP0490,Arijit Jain,EMP0490
EMP0491,Abhishek Jain,EMP0491
EMP0492,Sanjay Jain,EMP0492
EMP0493,Deepak Jain,EMP0493
EMP0494,Ankit Jain,EMP0494
EMP0495,Nisha Jain,EMP0495
EMP0496,Rakesh Jain,EMP0496
EMP0497,Suman Jain,EMP0497
EMP0498,Tanmay Jain,EMP0498
EMP0499,Ankita Jain,EMP0499
EMP0500,Sweta Jain,EMP0500
